{
    "Vue": 579.366999969352,
    "Backbone": 949.0940000105184,
    "Knockout": 577.274999988731,
    "Ember": 3544.694999989588,
    "Angular": 1432.2630000242498,
    "React": 1275.0109999906272,
    "Om": 683.9859999890905,
    "Om v": 885.5629999889061,
    "Ractive": 3065.19599998137,
    "Quiescent": 1778.0010000278708,
    "Mercury": 414.3240000412334,
    "Mercury (thunks)": 345.04800001741387,
    "Elm": 511.7210000171326,
    "Mithril": 149.34000000357628,
    "Likely.js": 1329.4480000040494
}
